,ttext,date,isretweet,retweetcount,favoritecount,score,product,state,country,duplicate,airline_sentiment
1,@captainshanky Isn't he the Andhra left arm seamer who bowled well? He did a great job against TN in the first match.,28/07/18 14:25,FALSE,0,0,2,Employment,Andhra Pradesh,India,FALSE,positive
2,[Job] Production Engineer | Company: Euromax International Pty Ltd | Location: Visakhapatnam AP Andhra Pradesh Indi  ,28/07/18 11:53,FALSE,0,0,0,Employment,Andhra Pradesh,India,FALSE,neutral
3, ,28/07/18 11:17,FALSE,0,0,0,Employment,Andhra Pradesh,India,FALSE,neutral
4,"Ad Posting Work-Part Time Job-Franchise Offer-Work, Anantapur, Andhra Pradesh ",28/07/18 10:59,FALSE,0,0,0,Employment,Andhra Pradesh,India,FALSE,neutral
5,"Regional Sales Manager: Yes Property Ventures Pvt. Ltd - Hyderabad, Telangana - Andhra Pradesh - Manage your client  ",28/07/18 6:57,FALSE,0,0,0,Employment,Andhra Pradesh,India,FALSE,neutral
6,"Genpact Hiring for Accounting Process || 27th July 2018: Genpact - Hyderabad, Telangana - Andhra Pradesh - Below ar  ",28/07/18 6:57,FALSE,0,0,0,Employment,Andhra Pradesh,India,FALSE,neutral
7,"iOS developer: ilabs enterprise services - Hyderabad, Telangana - Andhra Pradesh - Please find the below job descri  ",28/07/18 6:57,FALSE,0,0,0,Employment,Andhra Pradesh,India,FALSE,neutral
8,"Hiring For HR Executive, Hyderabad: Data Expert - Hyderabad, Telangana - Andhra Pradesh - Hiring For Hr Recruiter F  ",28/07/18 6:57,FALSE,0,0,0,Employment,Andhra Pradesh,India,FALSE,neutral
9,"Dispatch Executive: Chaitanya HR Consultancy - Hyderabad, Telangana - Andhra Pradesh - Inventory management Bulk &amp;  ",28/07/18 6:57,FALSE,0,0,0,Employment,Andhra Pradesh,India,FALSE,neutral
10,Adani hiring  ,28/07/18 6:57,FALSE,0,0,0,Employment,Andhra Pradesh,India,FALSE,neutral
11,"Warehouse Supervisor-Priority hiring: Chrisjac Recruitment Services - Shah Alam, Selangor - Machilipatnam, Andhra P  ",28/07/18 6:51,FALSE,0,0,0,Employment,Andhra Pradesh,India,FALSE,neutral
12,"Network Engineer: Atria Convergence Technologies Limited - Hyderabad, Telangana - Andhra Pradesh - Dear Candidate,  ",28/07/18 6:51,FALSE,0,0,-1,Employment,Andhra Pradesh,India,FALSE,negative
13,"Quality Voice Process - Customer Care - Calling - Customer Retention: Hyderabad, Telangana - Andhra Pradesh - ""Hi C  ",28/07/18 6:51,FALSE,0,0,0,Employment,Andhra Pradesh,India,FALSE,neutral
14,"Hiring for domestic flights- Cabin Crew, airhostess (female) call 7065341843: Hyderabad, Telangana - Andhra Pradesh  ",28/07/18 6:51,FALSE,0,0,0,Employment,Andhra Pradesh,India,FALSE,neutral
15,"Category Manager- F and V: Chaitanya HR Consultancy - Vijayawada, Andhra Pradesh - Execution of both Short term &amp; l  ",28/07/18 6:51,FALSE,0,0,0,Employment,Andhra Pradesh,India,FALSE,neutral
16,"Customer Support Engineer - Optical Fiber Test: MEL Systems &amp; Services - Hyderabad, Telangana - Andhra Pradesh - 3  ",28/07/18 6:51,FALSE,0,0,1,Employment,Andhra Pradesh,India,FALSE,positive
17,"Urgent Opening 28th July Interview: Talent Corner - Tirupati, Andhra Pradesh - Dear Should have 1 year of experienc  ",28/07/18 6:51,FALSE,0,0,0,Employment,Andhra Pradesh,India,FALSE,neutral
18,"Duty Manager: Pragati Resort - Hyderabad, Telangana - Andhra Pradesh - To help and assist the Front Office Manager  ",28/07/18 6:51,FALSE,0,0,0,Employment,Andhra Pradesh,India,FALSE,neutral
19,"Java AWS Developer: V-Soft Consulting Corporation Private Limited - Hyderabad, Telangana - Andhra Pradesh - Program  ",28/07/18 6:51,FALSE,0,0,-1,Employment,Andhra Pradesh,India,FALSE,negative
20,@KTRTRS it is great honour to have a leader like you sir. Naku oka job ippinchagalara?.i am from andhra.,28/07/18 5:39,FALSE,0,0,2,Employment,Andhra Pradesh,India,FALSE,positive
21,RT @1LifeYSoSerious: @samuelk89 @rrk53451 @gunjshyam @satheeshpodury @UttamChakram @eswarkanchu @asb_ambati @Karthikjillella @drmsbc @Visak,28/07/18 4:50,TRUE,3,0,0,Employment,Andhra Pradesh,India,FALSE,neutral
22,From Andhra to UP Wagons reaches in just 3.5 years ? IndianRailways under Modisarkar totally failed to do its job  ,28/07/18 4:46,FALSE,0,0,-1,Employment,Andhra Pradesh,India,FALSE,negative
23,RT @1LifeYSoSerious: @samuelk89 @rrk53451 @gunjshyam @satheeshpodury @UttamChakram @eswarkanchu @asb_ambati @Karthikjillella @drmsbc @Visak,28/07/18 3:49,TRUE,3,0,0,Employment,Andhra Pradesh,India,TRUE,neutral
24,many people in karnataka say that locals consider the people from andhra pradesh who come here and work in IT job a  ,28/07/18 3:41,FALSE,0,0,1,Employment,Andhra Pradesh,India,FALSE,positive
25,RT @1LifeYSoSerious: @samuelk89 @rrk53451 @gunjshyam @satheeshpodury @UttamChakram @eswarkanchu @asb_ambati @Karthikjillella @drmsbc @Visak,28/07/18 3:07,TRUE,3,0,0,Employment,Andhra Pradesh,India,TRUE,neutral
26,RT @b4politics: Good job APTourism . The Great Andhra revival only possible with @JaiTDP @bhuma_akhila @ncbn apwithcn aptourism  ,28/07/18 2:38,TRUE,12,0,3,Employment,Andhra Pradesh,India,FALSE,positive
27,RT @b4politics: Good job APTourism . The Great Andhra revival only possible with @JaiTDP @bhuma_akhila @ncbn apwithcn aptourism  ,28/07/18 1:50,TRUE,12,0,3,Employment,Andhra Pradesh,India,TRUE,positive
28,Kudos railway ministry &amp; @sureshpprabhu for doing such an awesome job &amp; set examples of mismanagement &amp; irresponsib  ,27/07/18 18:18,FALSE,0,1,2,Employment,Andhra Pradesh,India,FALSE,positive
29,@samuelk89 @rrk53451 @gunjshyam @satheeshpodury @UttamChakram @eswarkanchu @asb_ambati @Karthikjillella @drmsbc  ,27/07/18 18:01,FALSE,3,5,0,Employment,Andhra Pradesh,India,FALSE,neutral
30,RT @AndhraPradeshCM: Through measures like the APITA mega job recruitment drives we are bringing employment opportunities to the youth of A,27/07/18 15:03,TRUE,144,0,1,Employment,Andhra Pradesh,India,FALSE,positive
31,RT @b4politics: Good job APTourism . The Great Andhra revival only possible with @JaiTDP @bhuma_akhila @ncbn apwithcn aptourism  ,27/07/18 13:52,TRUE,12,0,3,Employment,Andhra Pradesh,India,TRUE,positive
32,RT @b4politics: Good job APTourism . The Great Andhra revival only possible with @JaiTDP @bhuma_akhila @ncbn apwithcn aptourism  ,27/07/18 13:24,TRUE,12,0,3,Employment,Andhra Pradesh,India,TRUE,positive
33,RT @b4politics: Good job APTourism . The Great Andhra revival only possible with @JaiTDP @bhuma_akhila @ncbn apwithcn aptourism  ,27/07/18 13:11,TRUE,12,0,3,Employment,Andhra Pradesh,India,TRUE,positive
34,RT @b4politics: Good job APTourism . The Great Andhra revival only possible with @JaiTDP @bhuma_akhila @ncbn apwithcn aptourism  ,27/07/18 12:29,TRUE,12,0,3,Employment,Andhra Pradesh,India,TRUE,positive
35,RT @AndhraPradeshCM: Through measures like the APITA mega job recruitment drives we are bringing employment opportunities to the youth of A,27/07/18 12:28,TRUE,144,0,1,Employment,Andhra Pradesh,India,TRUE,positive
36,RT @b4politics: Good job APTourism . The Great Andhra revival only possible with @JaiTDP @bhuma_akhila @ncbn apwithcn aptourism  ,27/07/18 12:12,TRUE,12,0,3,Employment,Andhra Pradesh,India,TRUE,positive
37,Good job APTourism . The Great Andhra revival only possible with @JaiTDP @bhuma_akhila @ncbn apwithcn aptourism  ,27/07/18 12:12,FALSE,12,25,3,Employment,Andhra Pradesh,India,FALSE,positive
38,"GOOD MORNING SIR MY NAME IS S RIYAZ BASHA, PHYSICALLY HANDICAPPED,  RESIDING AT PILER CHITTOOR DISTRICT, ANDHRA PRA  ",27/07/18 7:26,FALSE,0,0,0,Employment,Andhra Pradesh,India,FALSE,neutral
39,"Merchandise Purchasing Officer: Chrisjac Recruitment Services - Shah Alam, Selangor - Machilipatnam, Andhra Pradesh  ",27/07/18 6:21,FALSE,0,0,0,Employment,Andhra Pradesh,India,FALSE,neutral
40,"Human Resource Manager: Visakhapatnam, Andhra Pradesh - Dear Candidates, We are hiring for HR Manager. Job Responsi  ",27/07/18 6:21,FALSE,0,0,0,Employment,Andhra Pradesh,India,FALSE,neutral
41,"SENIOR EXECUTIVE - L&amp;D: Infotech Enterprises Ltd - Kakinada, Andhra Pradesh - Eye for detail, excellent communicati  ",27/07/18 6:21,FALSE,0,0,1,Employment,Andhra Pradesh,India,FALSE,positive
42,"Need 10th Passed Candidates To Deal With Customers Queries In BPO: Hyderabad, Telangana - Andhra Pradesh - Dear Can  ",27/07/18 6:21,FALSE,0,0,0,Employment,Andhra Pradesh,India,FALSE,neutral
43,"Need 10th Passed Candidates To Deal With Customers Queries In BPO: Hyderabad, Telangana - Andhra Pradesh - Dear Can  ",27/07/18 6:21,FALSE,0,0,0,Employment,Andhra Pradesh,India,TRUE,neutral
44,"Technical Support Executive - International Voice - Rotational Shift: IMPEC CONSULTING SOLUTIONS - Hyderabad, Telan  ",27/07/18 6:21,FALSE,0,0,1,Employment,Andhra Pradesh,India,FALSE,positive
45,"Technical Support Executive - International Voice - Rotational Shift: IMPEC CONSULTING SOLUTIONS - Hyderabad, Telan  ",27/07/18 6:21,FALSE,0,0,1,Employment,Andhra Pradesh,India,TRUE,positive
46,"Urgently Security Officer and Safety officer 8826514779: Freelancer Sujeet Kumar Singh - Hyderabad, Telangana - And  ",27/07/18 6:21,FALSE,0,0,0,Employment,Andhra Pradesh,India,FALSE,neutral
47,Ad Posting Work-Part Time Job-Franchise Offer-Work at Home in Andhra Pradesh K  ,27/07/18 2:57,FALSE,0,0,0,Employment,Andhra Pradesh,India,FALSE,neutral
48,RT @AndhraPradeshCM: Through measures like the APITA mega job recruitment drives we are bringing employment opportunities to the youth of A,27/07/18 2:07,TRUE,144,0,1,Employment,Andhra Pradesh,India,TRUE,positive
49,RT @AndhraPradeshCM: Through measures like the APITA mega job recruitment drives we are bringing employment opportunities to the youth of A,27/07/18 1:33,TRUE,144,0,1,Employment,Andhra Pradesh,India,TRUE,positive
50,[Job] Urgent requirement for civil engineers | Company: dasari jobs | Location: Vijayawada AP Andhra Pradesh India  ,26/07/18 22:53,FALSE,0,0,-1,Employment,Andhra Pradesh,India,FALSE,negative
51,[Job] Civil Engineer | Company: RBBR Infrastructure Pvt Ltd | Location: Vijayawada AP Andhra Pradesh India |  ,26/07/18 22:52,FALSE,0,0,0,Employment,Andhra Pradesh,India,FALSE,neutral
52,"My caption:  Lokesh leaving Andhra politics, to look for a job elsewhere.  ",26/07/18 16:32,FALSE,0,4,0,Employment,Andhra Pradesh,India,FALSE,neutral
53,[Job] Junior Marine Surveyor | Company: Visakhapatnam Port Trust | Location: Visakhapatnam AP Andhra Pradesh India  ,26/07/18 15:23,FALSE,0,0,1,Employment,Andhra Pradesh,India,FALSE,positive
54,RT @AndhraPradeshCM: Through measures like the APITA mega job recruitment drives we are bringing employment opportunities to the youth of A,26/07/18 12:32,TRUE,144,0,1,Employment,Andhra Pradesh,India,TRUE,positive
55,More and more jobs my job: Chandra Babu Naidu  ,26/07/18 8:58,FALSE,0,0,0,Employment,Andhra Pradesh,India,FALSE,neutral
56,"@bhartijainTOI Fantastic, great job by @HMOIndia , these NGO are involved in conversation only, still HM need to wo  ",26/07/18 6:51,FALSE,0,1,2,Employment,Andhra Pradesh,India,FALSE,positive
57,"Junior Accounts Officer: Chrisjac Recruitment Services - Shah Alam, Selangor - Machilipatnam, Andhra Pradesh - Posi  ",26/07/18 6:27,FALSE,0,0,0,Employment,Andhra Pradesh,India,FALSE,neutral
58,"Urgent Hiring for Aircraft Maintenance Engineer and Technician: Aviation Associates - Hyderabad, Telangana - Andhra  ",26/07/18 5:45,FALSE,0,0,-1,Employment,Andhra Pradesh,India,FALSE,negative
59,"Hire for Accountant: Blue Sparrow Services - Hyderabad, Telangana - Andhra Pradesh - BANK JOBS We are hiring candid  ",26/07/18 5:45,FALSE,0,0,0,Employment,Andhra Pradesh,India,FALSE,neutral
60,"English to Telugu Language -Subtitling Experts: La Vela Pictures Pvt. Ltd. - Hyderabad, Telangana - Andhra Pradesh  ",26/07/18 5:45,FALSE,0,0,0,Employment,Andhra Pradesh,India,FALSE,neutral
61,"HVAC Project Engineer,HVAC Design Engineer: Electrobrain Modern Technologies private Limited - Hyderabad, Telangana  ",26/07/18 5:45,FALSE,0,0,0,Employment,Andhra Pradesh,India,FALSE,neutral
62,"350 Candidates Required In All Locations Shown: Hyderabad, Telangana - Andhra Pradesh - Dear Candidates, Min Gradua  ",26/07/18 5:45,FALSE,0,0,0,Employment,Andhra Pradesh,India,FALSE,neutral
63,"Net Developer: Prodesign Technologies India pvt ltd - Hyderabad, Telangana - Andhra Pradesh - .Net Developerwith at  ",26/07/18 5:45,FALSE,0,0,0,Employment,Andhra Pradesh,India,FALSE,neutral
64,"Telecalling Executive: Innasoft Technologies Pvt Ltd - Hyderabad, Telangana - Andhra Pradesh - Co-ordination with P  ",26/07/18 5:45,FALSE,0,0,0,Employment,Andhra Pradesh,India,FALSE,neutral
65,"urgent financial consultants needed Geojit hyd,chennai,banglore vijayawada: QRN Services - Hyderabad, Telangana - A  ",26/07/18 5:45,FALSE,0,0,-1,Employment,Andhra Pradesh,India,FALSE,negative
66,Chef de Partie - Cold Kitchen: Marriott - Andhra Pradesh - If you are someone with a genuine drive to improve your  ,26/07/18 5:45,FALSE,0,0,1,Employment,Andhra Pradesh,India,FALSE,positive
67,"HVAC Project Engineer,HVAC Design Engineer: Electrobrain Modern Technologies private Limited - Hyderabad, Telangana  ",26/07/18 5:45,FALSE,0,0,0,Employment,Andhra Pradesh,India,TRUE,neutral
68,"Required Urgent For Back Office For Fresher: Hyderabad, Telangana - Andhra Pradesh - We are hiring for candidates f  ",26/07/18 5:45,FALSE,0,0,0,Employment,Andhra Pradesh,India,FALSE,neutral
69,"Net Developer: Prodesign Technologies India pvt ltd - Hyderabad, Telangana - Andhra Pradesh - .Net Developerwith at  ",26/07/18 5:45,FALSE,0,0,0,Employment,Andhra Pradesh,India,TRUE,neutral
70,"senior Sales Executive: MERINO PANEL PRODUCTS LTD - Vijayawada, Andhra Pradesh - Handled project sales . Good conta  ",26/07/18 5:45,FALSE,0,0,1,Employment,Andhra Pradesh,India,FALSE,positive
71,"Telecalling Executive: Innasoft Technologies Pvt Ltd - Hyderabad, Telangana - Andhra Pradesh - Co-ordination with P  ",26/07/18 5:45,FALSE,0,0,0,Employment,Andhra Pradesh,India,TRUE,neutral
72,"Officer/Sr. Officer - Purchase | Manufacturing Industry | Anantapur: GenNext Human Resource Management - Anantapur,  ",26/07/18 5:45,FALSE,0,0,0,Employment,Andhra Pradesh,India,FALSE,neutral
73,"Urgent Hiring for Aircraft Maintenance Engineer and Technician: Aviation Associates - Hyderabad, Telangana - Andhra  ",26/07/18 5:45,FALSE,0,1,-1,Employment,Andhra Pradesh,India,TRUE,negative
74,RT @AndhraPradeshCM: Through measures like the APITA mega job recruitment drives we are bringing employment opportunities to the youth of A,26/07/18 4:04,TRUE,144,0,1,Employment,Andhra Pradesh,India,TRUE,positive
75,"@1LifeYSoSerious Wow..good job Surabhi...u rattled these people, keep continuing to target these jobless people who  ",26/07/18 3:44,FALSE,0,0,-2,Employment,Andhra Pradesh,India,FALSE,negative
76,"RT @csrboxorg: Apply for the position of -Young Professional - Rythu Sadhikara Samstha (RySS), Govt. of Andhra Pradesh -to help in implemen",26/07/18 1:23,TRUE,1,0,0,Employment,Andhra Pradesh,India,FALSE,neutral
77,"Sales Coordinator-Priority hiring: Chrisjac Recruitment Services - Shah Alam, Selangor - Machilipatnam, Andhra Prad  ",25/07/18 22:42,FALSE,0,1,0,Employment,Andhra Pradesh,India,FALSE,neutral
78,"Sales Coordinator-Priority hiring: Chrisjac Recruitment Services - Shah Alam, Selangor - Machilipatnam, Andhra Prad  ",25/07/18 22:33,FALSE,0,1,0,Employment,Andhra Pradesh,India,TRUE,neutral
79,"Cardiologist Doctor for Rajamandry in Rajahmundry, Andhra Pradesh, India: cardiologist, dm, doctors  ",25/07/18 19:03,FALSE,0,0,0,Employment,Andhra Pradesh,India,FALSE,neutral
80,"@syedomais You have new Job Matches! Business Development jobs within 25 mi. of Hyderabad, Andhra Pradesh IN  ",25/07/18 15:05,FALSE,0,0,0,Employment,Andhra Pradesh,India,FALSE,neutral
81,RT @AndhraPradeshCM: Through measures like the APITA mega job recruitment drives we are bringing employment opportunities to the youth of A,25/07/18 15:00,TRUE,144,0,1,Employment,Andhra Pradesh,India,TRUE,positive
82,"RT @freejobsnews: AIATSL Recruitment - 89 PostsJob Location - Andhra PradeshName of Posts - Customer Agent &amp; Other PostsDate of Intervie",25/07/18 14:59,TRUE,3,0,0,Employment,Andhra Pradesh,India,FALSE,neutral
83,"RT @freejobsnews: RINL Vizag Steel Plant Recruitment - 95 PostsJob Location - Andhra PradeshName of Posts - Operators &amp; Technician Posts",25/07/18 14:59,TRUE,1,0,0,Employment,Andhra Pradesh,India,FALSE,neutral
84,RT @AndhraPradeshCM: Through measures like the APITA mega job recruitment drives we are bringing employment opportunities to the youth of A,25/07/18 12:34,TRUE,144,0,1,Employment,Andhra Pradesh,India,TRUE,positive
85,RT @AndhraPradeshCM: Through measures like the APITA mega job recruitment drives we are bringing employment opportunities to the youth of A,25/07/18 10:46,TRUE,144,0,1,Employment,Andhra Pradesh,India,TRUE,positive
86,@ysjagan @ysjagan well job ...great effort to do until we wil get the special status of AP you are my strength and  ,25/07/18 7:19,FALSE,0,2,2,Employment,Andhra Pradesh,India,FALSE,positive
87,RT @haaskids: @Iyervval @learning_pt @sunil_abraham @saikatd @samirsaran This sure is scary! Andhra Pradesh merely did a better job at digi,25/07/18 7:14,TRUE,4,0,0,Employment,Andhra Pradesh,India,FALSE,neutral
88,RT @AndhraPradeshCM: Through measures like the APITA mega job recruitment drives we are bringing employment opportunities to the youth of A,25/07/18 5:41,TRUE,144,0,1,Employment,Andhra Pradesh,India,TRUE,positive
89,RT @AndhraPradeshCM: Through measures like the APITA mega job recruitment drives we are bringing employment opportunities to the youth of A,25/07/18 5:38,TRUE,144,0,1,Employment,Andhra Pradesh,India,TRUE,positive
90,RT @AndhraPradeshCM: Through measures like the APITA mega job recruitment drives we are bringing employment opportunities to the youth of A,25/07/18 5:37,TRUE,144,0,1,Employment,Andhra Pradesh,India,TRUE,positive
91,RT @AndhraPradeshCM: Through measures like the APITA mega job recruitment drives we are bringing employment opportunities to the youth of A,25/07/18 5:37,TRUE,144,0,1,Employment,Andhra Pradesh,India,TRUE,positive
92,RT @haaskids: @Iyervval @learning_pt @sunil_abraham @saikatd @samirsaran This sure is scary! Andhra Pradesh merely did a better job at digi,25/07/18 5:31,TRUE,4,0,0,Employment,Andhra Pradesh,India,TRUE,neutral
93,RT @haaskids: @Iyervval @learning_pt @sunil_abraham @saikatd @samirsaran This sure is scary! Andhra Pradesh merely did a better job at digi,25/07/18 5:16,TRUE,4,0,0,Employment,Andhra Pradesh,India,TRUE,neutral
94,RT @haaskids: @Iyervval @learning_pt @sunil_abraham @saikatd @samirsaran This sure is scary! Andhra Pradesh merely did a better job at digi,25/07/18 5:10,TRUE,4,0,0,Employment,Andhra Pradesh,India,TRUE,neutral
95,@Iyervval @learning_pt @sunil_abraham @saikatd @samirsaran This sure is scary! Andhra Pradesh merely did a better j  ,25/07/18 4:56,FALSE,4,4,0,Employment,Andhra Pradesh,India,FALSE,neutral
96,"Apply for the position of -Young Professional - Rythu Sadhikara Samstha (RySS), Govt. of Andhra Pradesh -to help in  ",25/07/18 4:56,FALSE,1,0,0,Employment,Andhra Pradesh,India,FALSE,neutral
97,RT @srinivav: @haaskids @WordsSlay @ANI @ncbn Every month there is a boat accident in andhra killing common man.  ,24/07/18 23:06,TRUE,4,0,-1,Employment,Andhra Pradesh,India,FALSE,negative
98,RT @srinivav: @haaskids @WordsSlay @ANI @ncbn Every month there is a boat accident in andhra killing common man.  ,24/07/18 20:12,TRUE,4,0,-1,Employment,Andhra Pradesh,India,TRUE,negative
99,RT @AndhraPradeshCM: Through measures like the APITA mega job recruitment drives we are bringing employment opportunities to the youth of A,24/07/18 17:24,TRUE,144,0,1,Employment,Andhra Pradesh,India,TRUE,positive
100,RT @AndhraPradeshCM: Through measures like the APITA mega job recruitment drives we are bringing employment opportunities to the youth of A,24/07/18 16:52,TRUE,144,0,1,Employment,Andhra Pradesh,India,TRUE,positive
101,@haaskids @WordsSlay @ANI @ncbn Every month there is a boat accident in andhra killing common man.  ,24/07/18 15:25,FALSE,4,54,-1,Employment,Andhra Pradesh,India,FALSE,negative
102,@KPadmaRani1 @tv5telugu @INC_Andhra @Pallamrajumm @Oommen_Chandy Traitor Jairam Ramesh who was sent to RS from AP d  ,24/07/18 12:41,FALSE,0,0,-1,Employment,Andhra Pradesh,India,FALSE,negative
103,RT @AndhraPradeshCM: Through measures like the APITA mega job recruitment drives we are bringing employment opportunities to the youth of A,24/07/18 12:06,TRUE,144,0,1,Employment,Andhra Pradesh,India,TRUE,positive
104,RT @AndhraPradeshCM: Through measures like the APITA mega job recruitment drives we are bringing employment opportunities to the youth of A,24/07/18 11:46,TRUE,144,0,1,Employment,Andhra Pradesh,India,TRUE,positive
105,RT @AndhraPradeshCM: Through measures like the APITA mega job recruitment drives we are bringing employment opportunities to the youth of A,24/07/18 8:53,TRUE,144,0,1,Employment,Andhra Pradesh,India,TRUE,positive
106,"Officer - Quality- ERW Plant - Anantpur: GenNext Human Resource Management - Anantapur, Andhra Pradesh - Should hav  ",24/07/18 8:10,FALSE,0,0,0,Employment,Andhra Pradesh,India,FALSE,neutral
107,RT @AndhraPradeshCM: Through measures like the APITA mega job recruitment drives we are bringing employment opportunities to the youth of A,24/07/18 7:52,TRUE,144,0,1,Employment,Andhra Pradesh,India,TRUE,positive
108,"Diploma Electrical Engineer 8398063330: Markanda Job Placement - Hyderabad, Telangana - Andhra Pradesh - COMPANY NA  ",24/07/18 7:30,FALSE,0,0,0,Employment,Andhra Pradesh,India,FALSE,neutral
109,"Top MNC Medical Coding Biochemistry,Nutrition and Dietician,Anesthesia Tech Grads: ISKILLS MEDICAL CODING SOLUTIONS  ",24/07/18 7:30,FALSE,0,0,1,Employment,Andhra Pradesh,India,FALSE,positive
110,"Sr. Manager/ Manager: Navata - Vijayawada, Andhra Pradesh - Should have excellent communication &amp; administrative sk  ",24/07/18 7:30,FALSE,0,0,1,Employment,Andhra Pradesh,India,FALSE,positive
111,"Urgent hiring Branch Operation Manager ,Back Office executive in banking sector: Hyderabad, Telangana - Andhra Prad  ",24/07/18 7:30,FALSE,0,0,-1,Employment,Andhra Pradesh,India,FALSE,negative
112,"Urgent hiring Branch Operation Manager ,Back Office executive in banking sector: Hyderabad, Telangana - Andhra Prad  ",24/07/18 7:30,FALSE,0,0,-1,Employment,Andhra Pradesh,India,TRUE,negative
113,"Day Shift MNC Medical Coding Bsc,GNM,DGNM Nursing,Staff Nurse-5Days Working Job: ISKILLS MEDICAL CODING SOLUTIONS -  ",24/07/18 7:30,FALSE,0,0,0,Employment,Andhra Pradesh,India,FALSE,neutral
114,"Diploma Electrical Engineer 8398063330: Markanda Job Placement - Hyderabad, Telangana - Andhra Pradesh - COMPANY NA  ",24/07/18 7:30,FALSE,0,0,0,Employment,Andhra Pradesh,India,TRUE,neutral
115,"Lifescience and paramedical graduates in chennai,Thirunelveli,Coimbatore,Thindukka: ISKILLS MEDICAL CODING SOLUTION  ",24/07/18 7:30,FALSE,0,0,0,Employment,Andhra Pradesh,India,FALSE,neutral
116,"Work as Assistant Manager at Sanofi | M.Pharm,  ",24/07/18 6:58,FALSE,0,0,1,Employment,Andhra Pradesh,India,FALSE,positive
117,"Urgent Opening!! Krishna Consultants is hiring for Business Development  Executive for PAN  India (Nagpur, North (D  ",24/07/18 6:41,FALSE,0,0,-2,Employment,Andhra Pradesh,India,FALSE,negative
118,RT @AndhraPradeshCM: Through measures like the APITA mega job recruitment drives we are bringing employment opportunities to the youth of A,24/07/18 6:29,TRUE,144,0,1,Employment,Andhra Pradesh,India,TRUE,positive
119,RT @AndhraPradeshCM: Through measures like the APITA mega job recruitment drives we are bringing employment opportunities to the youth of A,24/07/18 6:03,TRUE,144,0,1,Employment,Andhra Pradesh,India,TRUE,positive
120,@BolshevikRetrns @NilimDutta Let me give you an example: A boy from AP from poor family posted this..he is from poo  ,24/07/18 5:54,FALSE,0,0,-1,Employment,Andhra Pradesh,India,FALSE,negative
121,RT @AndhraPradeshCM: Through measures like the APITA mega job recruitment drives we are bringing employment opportunities to the youth of A,24/07/18 5:46,TRUE,144,0,1,Employment,Andhra Pradesh,India,TRUE,positive
122,RT @AndhraPradeshCM: Through measures like the APITA mega job recruitment drives we are bringing employment opportunities to the youth of A,24/07/18 5:45,TRUE,144,0,1,Employment,Andhra Pradesh,India,TRUE,positive
123,RT @AndhraPradeshCM: Through measures like the APITA mega job recruitment drives we are bringing employment opportunities to the youth of A,24/07/18 5:38,TRUE,144,0,1,Employment,Andhra Pradesh,India,TRUE,positive
124,RT @AndhraPradeshCM: Through measures like the APITA mega job recruitment drives we are bringing employment opportunities to the youth of A,24/07/18 5:12,TRUE,144,0,1,Employment,Andhra Pradesh,India,TRUE,positive
125,New job posting: Require Md- Pahology For A Medical College In Andhra Pradesh Hyderabad JobsInIndia  ,24/07/18 5:07,FALSE,0,0,0,Employment,Andhra Pradesh,India,FALSE,neutral
126,"@JhaSanjay Jha2, that bastard swamy was beaten in Andhra yesterday.Good job",24/07/18 5:04,FALSE,0,0,-1,Employment,Andhra Pradesh,India,FALSE,negative
127,RT @AndhraPradeshCM: Through measures like the APITA mega job recruitment drives we are bringing employment opportunities to the youth of A,24/07/18 5:00,TRUE,144,0,1,Employment,Andhra Pradesh,India,TRUE,positive
128,RT @AndhraPradeshCM: Through measures like the APITA mega job recruitment drives we are bringing employment opportunities to the youth of A,24/07/18 4:24,TRUE,144,0,1,Employment,Andhra Pradesh,India,TRUE,positive
129,RT @AndhraPradeshCM: Through measures like the APITA mega job recruitment drives we are bringing employment opportunities to the youth of A,24/07/18 4:12,TRUE,144,0,1,Employment,Andhra Pradesh,India,TRUE,positive
130,New job posting: Require Md-psm  For A Medical College In Andhra Pradesh Hyderabad   ,24/07/18 3:07,FALSE,0,0,0,Employment,Andhra Pradesh,India,FALSE,neutral
131,RT @AndhraPradeshCM: Through measures like the APITA mega job recruitment drives we are bringing employment opportunities to the youth of A,24/07/18 2:50,TRUE,144,0,1,Employment,Andhra Pradesh,India,TRUE,positive
132,RT @AndhraPradeshCM: Through measures like the APITA mega job recruitment drives we are bringing employment opportunities to the youth of A,24/07/18 0:52,TRUE,144,0,1,Employment,Andhra Pradesh,India,TRUE,positive
133,RT @AndhraPradeshCM: Through measures like the APITA mega job recruitment drives we are bringing employment opportunities to the youth of A,24/07/18 0:17,TRUE,144,0,1,Employment,Andhra Pradesh,India,TRUE,positive
134,RT @AndhraPradeshCM: Through measures like the APITA mega job recruitment drives we are bringing employment opportunities to the youth of A,24/07/18 0:02,TRUE,144,0,1,Employment,Andhra Pradesh,India,TRUE,positive
135,RT @AndhraPradeshCM: Through measures like the APITA mega job recruitment drives we are bringing employment opportunities to the youth of A,23/07/18 22:36,TRUE,144,0,1,Employment,Andhra Pradesh,India,TRUE,positive
136,RT @AndhraPradeshCM: Through measures like the APITA mega job recruitment drives we are bringing employment opportunities to the youth of A,23/07/18 20:52,TRUE,144,0,1,Employment,Andhra Pradesh,India,TRUE,positive
137,RT @AndhraPradeshCM: Through measures like the APITA mega job recruitment drives we are bringing employment opportunities to the youth of A,23/07/18 19:43,TRUE,144,0,1,Employment,Andhra Pradesh,India,TRUE,positive
138,RT @AndhraPradeshCM: Through measures like the APITA mega job recruitment drives we are bringing employment opportunities to the youth of A,23/07/18 19:38,TRUE,144,0,1,Employment,Andhra Pradesh,India,TRUE,positive
139,RT @AndhraPradeshCM: Through measures like the APITA mega job recruitment drives we are bringing employment opportunities to the youth of A,23/07/18 18:54,TRUE,144,0,1,Employment,Andhra Pradesh,India,TRUE,positive
140,RT @AndhraPradeshCM: Through measures like the APITA mega job recruitment drives we are bringing employment opportunities to the youth of A,23/07/18 18:12,TRUE,144,0,1,Employment,Andhra Pradesh,India,TRUE,positive
141,RT @AndhraPradeshCM: Through measures like the APITA mega job recruitment drives we are bringing employment opportunities to the youth of A,23/07/18 16:42,TRUE,144,0,1,Employment,Andhra Pradesh,India,TRUE,positive
142,RT @AndhraPradeshCM: Through measures like the APITA mega job recruitment drives we are bringing employment opportunities to the youth of A,23/07/18 16:42,TRUE,144,0,1,Employment,Andhra Pradesh,India,TRUE,positive
143,RT @AndhraPradeshCM: Through measures like the APITA mega job recruitment drives we are bringing employment opportunities to the youth of A,23/07/18 16:23,TRUE,144,0,1,Employment,Andhra Pradesh,India,TRUE,positive
144,RT @AndhraPradeshCM: Through measures like the APITA mega job recruitment drives we are bringing employment opportunities to the youth of A,23/07/18 15:54,TRUE,144,0,1,Employment,Andhra Pradesh,India,TRUE,positive
145,RT @AndhraPradeshCM: Through measures like the APITA mega job recruitment drives we are bringing employment opportunities to the youth of A,23/07/18 15:23,TRUE,144,0,1,Employment,Andhra Pradesh,India,TRUE,positive
146,RT @AndhraPradeshCM: Through measures like the APITA mega job recruitment drives we are bringing employment opportunities to the youth of A,23/07/18 15:22,TRUE,144,0,1,Employment,Andhra Pradesh,India,TRUE,positive
147,RT @AndhraPradeshCM: Through measures like the APITA mega job recruitment drives we are bringing employment opportunities to the youth of A,23/07/18 15:20,TRUE,144,0,1,Employment,Andhra Pradesh,India,TRUE,positive
148,RT @AndhraPradeshCM: Through measures like the APITA mega job recruitment drives we are bringing employment opportunities to the youth of A,23/07/18 15:16,TRUE,144,0,1,Employment,Andhra Pradesh,India,TRUE,positive
149,RT @AndhraPradeshCM: Through measures like the APITA mega job recruitment drives we are bringing employment opportunities to the youth of A,23/07/18 15:05,TRUE,144,0,1,Employment,Andhra Pradesh,India,TRUE,positive
150,RT @AndhraPradeshCM: Through measures like the APITA mega job recruitment drives we are bringing employment opportunities to the youth of A,23/07/18 15:01,TRUE,144,0,1,Employment,Andhra Pradesh,India,TRUE,positive
151,RT @AndhraPradeshCM: Through measures like the APITA mega job recruitment drives we are bringing employment opportunities to the youth of A,23/07/18 14:47,TRUE,144,0,1,Employment,Andhra Pradesh,India,TRUE,positive
152,"RT @sakshinews:   ..! ",23/07/18 14:45,TRUE,6,0,0,Employment,Andhra Pradesh,India,FALSE,neutral
153,RT @AndhraPradeshCM: Through measures like the APITA mega job recruitment drives we are bringing employment opportunities to the youth of A,23/07/18 14:35,TRUE,144,0,1,Employment,Andhra Pradesh,India,TRUE,positive
154,"@AndhraPradeshCM @ncbn Chandrababuji, You lost your image by calling no confidence vote on Narendra Modi.Very clear  ",23/07/18 14:05,FALSE,0,0,1,Employment,Andhra Pradesh,India,FALSE,positive
155,RT @AndhraPradeshCM: Through measures like the APITA mega job recruitment drives we are bringing employment opportunities to the youth of A,23/07/18 13:54,TRUE,144,0,1,Employment,Andhra Pradesh,India,TRUE,positive
156,RT @AndhraPradeshCM: Through measures like the APITA mega job recruitment drives we are bringing employment opportunities to the youth of A,23/07/18 13:53,TRUE,144,0,1,Employment,Andhra Pradesh,India,TRUE,positive
157,RT @AndhraPradeshCM: Through measures like the APITA mega job recruitment drives we are bringing employment opportunities to the youth of A,23/07/18 13:46,TRUE,144,0,1,Employment,Andhra Pradesh,India,TRUE,positive
158,RT @AndhraPradeshCM: Through measures like the APITA mega job recruitment drives we are bringing employment opportunities to the youth of A,23/07/18 13:40,TRUE,144,0,1,Employment,Andhra Pradesh,India,TRUE,positive
159,RT @AndhraPradeshCM: Through measures like the APITA mega job recruitment drives we are bringing employment opportunities to the youth of A,23/07/18 13:31,TRUE,144,0,1,Employment,Andhra Pradesh,India,TRUE,positive
160,RT @AndhraPradeshCM: Through measures like the APITA mega job recruitment drives we are bringing employment opportunities to the youth of A,23/07/18 13:29,TRUE,144,0,1,Employment,Andhra Pradesh,India,TRUE,positive
161,"RT @sakshinews:   ..! ",23/07/18 13:20,TRUE,6,0,0,Employment,Andhra Pradesh,India,TRUE,neutral
162,RT @AndhraPradeshCM: Through measures like the APITA mega job recruitment drives we are bringing employment opportunities to the youth of A,23/07/18 13:14,TRUE,144,0,1,Employment,Andhra Pradesh,India,TRUE,positive
163,"RT @sakshinews:   ..! ",23/07/18 13:14,TRUE,6,0,0,Employment,Andhra Pradesh,India,TRUE,neutral
164,"  ..! ",23/07/18 13:11,FALSE,6,21,0,Employment,Andhra Pradesh,India,FALSE,neutral
165,RT @AndhraPradeshCM: Through measures like the APITA mega job recruitment drives we are bringing employment opportunities to the youth of A,23/07/18 13:06,TRUE,144,0,1,Employment,Andhra Pradesh,India,TRUE,positive
166,RT @AndhraPradeshCM: Through measures like the APITA mega job recruitment drives we are bringing employment opportunities to the youth of A,23/07/18 13:00,TRUE,144,0,1,Employment,Andhra Pradesh,India,TRUE,positive
167,RT @AndhraPradeshCM: Through measures like the APITA mega job recruitment drives we are bringing employment opportunities to the youth of A,23/07/18 12:58,TRUE,144,0,1,Employment,Andhra Pradesh,India,TRUE,positive
168,RT @AndhraPradeshCM: Through measures like the APITA mega job recruitment drives we are bringing employment opportunities to the youth of A,23/07/18 12:57,TRUE,144,0,1,Employment,Andhra Pradesh,India,TRUE,positive
169,RT @AndhraPradeshCM: Through measures like the APITA mega job recruitment drives we are bringing employment opportunities to the youth of A,23/07/18 12:51,TRUE,144,0,1,Employment,Andhra Pradesh,India,TRUE,positive
170,RT @AndhraPradeshCM: Through measures like the APITA mega job recruitment drives we are bringing employment opportunities to the youth of A,23/07/18 12:43,TRUE,144,0,1,Employment,Andhra Pradesh,India,TRUE,positive
171,RT @AndhraPradeshCM: Through measures like the APITA mega job recruitment drives we are bringing employment opportunities to the youth of A,23/07/18 12:34,TRUE,144,0,1,Employment,Andhra Pradesh,India,TRUE,positive
172,RT @AndhraPradeshCM: Through measures like the APITA mega job recruitment drives we are bringing employment opportunities to the youth of A,23/07/18 12:33,TRUE,144,0,1,Employment,Andhra Pradesh,India,TRUE,positive
173,RT @AndhraPradeshCM: Through measures like the APITA mega job recruitment drives we are bringing employment opportunities to the youth of A,23/07/18 12:26,TRUE,144,0,1,Employment,Andhra Pradesh,India,TRUE,positive
174,RT @AndhraPradeshCM: Through measures like the APITA mega job recruitment drives we are bringing employment opportunities to the youth of A,23/07/18 12:18,TRUE,144,0,1,Employment,Andhra Pradesh,India,TRUE,positive
175,RT @AndhraPradeshCM: Through measures like the APITA mega job recruitment drives we are bringing employment opportunities to the youth of A,23/07/18 12:18,TRUE,144,0,1,Employment,Andhra Pradesh,India,TRUE,positive
176,RT @AndhraPradeshCM: Through measures like the APITA mega job recruitment drives we are bringing employment opportunities to the youth of A,23/07/18 12:09,TRUE,144,0,1,Employment,Andhra Pradesh,India,TRUE,positive
177,RT @AndhraPradeshCM: Through measures like the APITA mega job recruitment drives we are bringing employment opportunities to the youth of A,23/07/18 12:08,TRUE,144,0,1,Employment,Andhra Pradesh,India,TRUE,positive
178,RT @AndhraPradeshCM: Through measures like the APITA mega job recruitment drives we are bringing employment opportunities to the youth of A,23/07/18 12:05,TRUE,144,0,1,Employment,Andhra Pradesh,India,TRUE,positive
179,RT @AndhraPradeshCM: Through measures like the APITA mega job recruitment drives we are bringing employment opportunities to the youth of A,23/07/18 12:00,TRUE,144,0,1,Employment,Andhra Pradesh,India,TRUE,positive
180,RT @AndhraPradeshCM: Through measures like the APITA mega job recruitment drives we are bringing employment opportunities to the youth of A,23/07/18 11:58,TRUE,144,0,1,Employment,Andhra Pradesh,India,TRUE,positive
181,RT @AndhraPradeshCM: Through measures like the APITA mega job recruitment drives we are bringing employment opportunities to the youth of A,23/07/18 11:55,TRUE,144,0,1,Employment,Andhra Pradesh,India,TRUE,positive
182,RT @AndhraPradeshCM: Through measures like the APITA mega job recruitment drives we are bringing employment opportunities to the youth of A,23/07/18 11:49,TRUE,144,0,1,Employment,Andhra Pradesh,India,TRUE,positive
183,RT @AndhraPradeshCM: Through measures like the APITA mega job recruitment drives we are bringing employment opportunities to the youth of A,23/07/18 11:42,TRUE,144,0,1,Employment,Andhra Pradesh,India,TRUE,positive
184,RT @AndhraPradeshCM: Through measures like the APITA mega job recruitment drives we are bringing employment opportunities to the youth of A,23/07/18 11:42,TRUE,144,0,1,Employment,Andhra Pradesh,India,TRUE,positive
185,RT @AndhraPradeshCM: Through measures like the APITA mega job recruitment drives we are bringing employment opportunities to the youth of A,23/07/18 11:42,TRUE,144,0,1,Employment,Andhra Pradesh,India,TRUE,positive
186,RT @AndhraPradeshCM: Through measures like the APITA mega job recruitment drives we are bringing employment opportunities to the youth of A,23/07/18 11:28,TRUE,144,0,1,Employment,Andhra Pradesh,India,TRUE,positive
187,RT @AndhraPradeshCM: Through measures like the APITA mega job recruitment drives we are bringing employment opportunities to the youth of A,23/07/18 11:18,TRUE,144,0,1,Employment,Andhra Pradesh,India,TRUE,positive
188,RT @AndhraPradeshCM: Through measures like the APITA mega job recruitment drives we are bringing employment opportunities to the youth of A,23/07/18 11:11,TRUE,144,0,1,Employment,Andhra Pradesh,India,TRUE,positive
189,RT @AndhraPradeshCM: Through measures like the APITA mega job recruitment drives we are bringing employment opportunities to the youth of A,23/07/18 11:09,TRUE,144,0,1,Employment,Andhra Pradesh,India,TRUE,positive
190,RT @AndhraPradeshCM: Through measures like the APITA mega job recruitment drives we are bringing employment opportunities to the youth of A,23/07/18 11:03,TRUE,144,0,1,Employment,Andhra Pradesh,India,TRUE,positive
191,RT @AndhraPradeshCM: Through measures like the APITA mega job recruitment drives we are bringing employment opportunities to the youth of A,23/07/18 10:57,TRUE,144,0,1,Employment,Andhra Pradesh,India,TRUE,positive
192,RT @AndhraPradeshCM: Through measures like the APITA mega job recruitment drives we are bringing employment opportunities to the youth of A,23/07/18 10:56,TRUE,144,0,1,Employment,Andhra Pradesh,India,TRUE,positive
193,RT @AndhraPradeshCM: Through measures like the APITA mega job recruitment drives we are bringing employment opportunities to the youth of A,23/07/18 10:54,TRUE,144,0,1,Employment,Andhra Pradesh,India,TRUE,positive
194,RT @AndhraPradeshCM: Through measures like the APITA mega job recruitment drives we are bringing employment opportunities to the youth of A,23/07/18 10:44,TRUE,144,0,1,Employment,Andhra Pradesh,India,TRUE,positive
195,RT @AndhraPradeshCM: Through measures like the APITA mega job recruitment drives we are bringing employment opportunities to the youth of A,23/07/18 10:37,TRUE,144,0,1,Employment,Andhra Pradesh,India,TRUE,positive
196,RT @AndhraPradeshCM: Through measures like the APITA mega job recruitment drives we are bringing employment opportunities to the youth of A,23/07/18 10:36,TRUE,144,0,1,Employment,Andhra Pradesh,India,TRUE,positive
197,RT @AndhraPradeshCM: Through measures like the APITA mega job recruitment drives we are bringing employment opportunities to the youth of A,23/07/18 10:33,TRUE,144,0,1,Employment,Andhra Pradesh,India,TRUE,positive
198,RT @AndhraPradeshCM: Through measures like the APITA mega job recruitment drives we are bringing employment opportunities to the youth of A,23/07/18 10:16,TRUE,144,0,1,Employment,Andhra Pradesh,India,TRUE,positive
199,RT @AndhraPradeshCM: Through measures like the APITA mega job recruitment drives we are bringing employment opportunities to the youth of A,23/07/18 10:15,TRUE,144,0,1,Employment,Andhra Pradesh,India,TRUE,positive
200,RT @AndhraPradeshCM: Through measures like the APITA mega job recruitment drives we are bringing employment opportunities to the youth of A,23/07/18 10:15,TRUE,144,0,1,Employment,Andhra Pradesh,India,TRUE,positive
201,RT @AndhraPradeshCM: Through measures like the APITA mega job recruitment drives we are bringing employment opportunities to the youth of A,23/07/18 10:14,TRUE,144,0,1,Employment,Andhra Pradesh,India,TRUE,positive
202,RT @AndhraPradeshCM: Through measures like the APITA mega job recruitment drives we are bringing employment opportunities to the youth of A,23/07/18 10:14,TRUE,144,0,1,Employment,Andhra Pradesh,India,TRUE,positive
203,RT @AndhraPradeshCM: Through measures like the APITA mega job recruitment drives we are bringing employment opportunities to the youth of A,23/07/18 10:13,TRUE,144,0,1,Employment,Andhra Pradesh,India,TRUE,positive
204,RT @AndhraPradeshCM: Through measures like the APITA mega job recruitment drives we are bringing employment opportunities to the youth of A,23/07/18 10:12,TRUE,144,0,1,Employment,Andhra Pradesh,India,TRUE,positive
205,RT @AndhraPradeshCM: Through measures like the APITA mega job recruitment drives we are bringing employment opportunities to the youth of A,23/07/18 10:12,TRUE,144,0,1,Employment,Andhra Pradesh,India,TRUE,positive
206,RT @AndhraPradeshCM: Through measures like the APITA mega job recruitment drives we are bringing employment opportunities to the youth of A,23/07/18 10:11,TRUE,144,0,1,Employment,Andhra Pradesh,India,TRUE,positive
207,RT @AndhraPradeshCM: Through measures like the APITA mega job recruitment drives we are bringing employment opportunities to the youth of A,23/07/18 10:11,TRUE,144,0,1,Employment,Andhra Pradesh,India,TRUE,positive
208,RT @AndhraPradeshCM: Through measures like the APITA mega job recruitment drives we are bringing employment opportunities to the youth of A,23/07/18 10:11,TRUE,144,0,1,Employment,Andhra Pradesh,India,TRUE,positive
209,RT @AndhraPradeshCM: Through measures like the APITA mega job recruitment drives we are bringing employment opportunities to the youth of A,23/07/18 9:12,TRUE,144,0,1,Employment,Andhra Pradesh,India,TRUE,positive
210,RT @AndhraPradeshCM: Through measures like the APITA mega job recruitment drives we are bringing employment opportunities to the youth of A,23/07/18 8:39,TRUE,144,0,1,Employment,Andhra Pradesh,India,TRUE,positive
211,RT @AndhraPradeshCM: Through measures like the APITA mega job recruitment drives we are bringing employment opportunities to the youth of A,23/07/18 7:48,TRUE,144,0,1,Employment,Andhra Pradesh,India,TRUE,positive
212,RT @AndhraPradeshCM: Through measures like the APITA mega job recruitment drives we are bringing employment opportunities to the youth of A,23/07/18 7:45,TRUE,144,0,1,Employment,Andhra Pradesh,India,TRUE,positive
213,RT @AndhraPradeshCM: Through measures like the APITA mega job recruitment drives we are bringing employment opportunities to the youth of A,23/07/18 7:40,TRUE,144,0,1,Employment,Andhra Pradesh,India,TRUE,positive
214,RT @AndhraPradeshCM: Through measures like the APITA mega job recruitment drives we are bringing employment opportunities to the youth of A,23/07/18 7:21,TRUE,144,0,1,Employment,Andhra Pradesh,India,TRUE,positive
215,RT @AndhraPradeshCM: Through measures like the APITA mega job recruitment drives we are bringing employment opportunities to the youth of A,23/07/18 7:15,TRUE,144,0,1,Employment,Andhra Pradesh,India,TRUE,positive
216,RT @AndhraPradeshCM: Through measures like the APITA mega job recruitment drives we are bringing employment opportunities to the youth of A,23/07/18 6:54,TRUE,144,0,1,Employment,Andhra Pradesh,India,TRUE,positive
217,RT @AndhraPradeshCM: Through measures like the APITA mega job recruitment drives we are bringing employment opportunities to the youth of A,23/07/18 6:31,TRUE,144,0,1,Employment,Andhra Pradesh,India,TRUE,positive
218,RT @AndhraPradeshCM: Through measures like the APITA mega job recruitment drives we are bringing employment opportunities to the youth of A,23/07/18 6:20,TRUE,144,0,1,Employment,Andhra Pradesh,India,TRUE,positive
219,RT @AndhraPradeshCM: Through measures like the APITA mega job recruitment drives we are bringing employment opportunities to the youth of A,23/07/18 6:17,TRUE,144,0,1,Employment,Andhra Pradesh,India,TRUE,positive
220,RT @AndhraPradeshCM: Through measures like the APITA mega job recruitment drives we are bringing employment opportunities to the youth of A,23/07/18 6:13,TRUE,144,0,1,Employment,Andhra Pradesh,India,TRUE,positive
221,"HINDUSTAN UNILEVER COMPANY REQUIREMENT_FRESHER CANDIDATE FOR FAIR and SAFETY: Freelancer Sunil Kumar 5 - Hyderabad,  ",23/07/18 6:06,FALSE,0,0,1,Employment,Andhra Pradesh,India,FALSE,positive
222,RT @AndhraPradeshCM: Through measures like the APITA mega job recruitment drives we are bringing employment opportunities to the youth of A,23/07/18 6:03,TRUE,144,0,1,Employment,Andhra Pradesh,India,TRUE,positive
223,RT @AndhraPradeshCM: Through measures like the APITA mega job recruitment drives we are bringing employment opportunities to the youth of A,23/07/18 5:54,TRUE,144,0,1,Employment,Andhra Pradesh,India,TRUE,positive
224,RT @AndhraPradeshCM: Through measures like the APITA mega job recruitment drives we are bringing employment opportunities to the youth of A,23/07/18 5:54,TRUE,144,0,1,Employment,Andhra Pradesh,India,TRUE,positive
225,RT @AndhraPradeshCM: Through measures like the APITA mega job recruitment drives we are bringing employment opportunities to the youth of A,23/07/18 5:17,TRUE,144,0,1,Employment,Andhra Pradesh,India,TRUE,positive
226,RT @AndhraPradeshCM: Through measures like the APITA mega job recruitment drives we are bringing employment opportunities to the youth of A,23/07/18 5:03,TRUE,144,0,1,Employment,Andhra Pradesh,India,TRUE,positive
227,RT @AndhraPradeshCM: Through measures like the APITA mega job recruitment drives we are bringing employment opportunities to the youth of A,23/07/18 5:00,TRUE,144,0,1,Employment,Andhra Pradesh,India,TRUE,positive
228,RT @AndhraPradeshCM: Through measures like the APITA mega job recruitment drives we are bringing employment opportunities to the youth of A,23/07/18 4:54,TRUE,144,0,1,Employment,Andhra Pradesh,India,TRUE,positive
229,RT @AndhraPradeshCM: Through measures like the APITA mega job recruitment drives we are bringing employment opportunities to the youth of A,23/07/18 4:53,TRUE,144,0,1,Employment,Andhra Pradesh,India,TRUE,positive
230,RT @AndhraPradeshCM: Through measures like the APITA mega job recruitment drives we are bringing employment opportunities to the youth of A,23/07/18 4:50,TRUE,144,0,1,Employment,Andhra Pradesh,India,TRUE,positive
231,RT @AndhraPradeshCM: Through measures like the APITA mega job recruitment drives we are bringing employment opportunities to the youth of A,23/07/18 4:47,TRUE,144,0,1,Employment,Andhra Pradesh,India,TRUE,positive
232,Through measures like the APITA mega job recruitment drives we are bringing employment opportunities to the youth o  ,23/07/18 4:46,FALSE,144,558,1,Employment,Andhra Pradesh,India,FALSE,positive
233,[Job] Engineer Process Offshore | Company: Reliance Industries | Location: Kakinada AP Andhra Pradesh India |  ,22/07/18 22:02,FALSE,0,0,0,Employment,Andhra Pradesh,India,FALSE,neutral
234,"Job Fair in Andhra Pradesh on 5th, 6th, 7th, 8th July 2018 Off Campus Drive Freshers Walkin  ",22/07/18 14:04,FALSE,0,0,1,Employment,Andhra Pradesh,India,FALSE,positive
235,"Driver caught by police in Andhra Pradesh.Gr888...Job Bhadrak Police...salute.. Jaihind     ",22/07/18 8:24,FALSE,0,0,0,Employment,Andhra Pradesh,India,FALSE,neutral
236,@megopichand You did very good job and used the given time very wisely to vouch concerns to central govt on behalf  ,22/07/18 7:46,FALSE,0,0,2,Employment,Andhra Pradesh,India,FALSE,positive
237,"Business Development Executive(female): Asian Technology Solutions - Hyderabad, Telangana - Andhra Pradesh - Key Re  ",22/07/18 6:54,FALSE,0,0,0,Employment,Andhra Pradesh,India,FALSE,neutral
238,"Hiring Salesforce _ Trained Freshers: Nest Global Consulting Services - Hyderabad, Telangana - Andhra Pradesh - Hir  ",22/07/18 6:54,FALSE,0,0,0,Employment,Andhra Pradesh,India,FALSE,neutral
239,"Non IT Recruiter: Aadvi Tech Solutions Pvt Ltd - Hyderabad, Telangana - Andhra Pradesh - Non IT Recruiter.Candidate  ",22/07/18 6:54,FALSE,0,0,0,Employment,Andhra Pradesh,India,FALSE,neutral
240,"Associate Manager / Manager Pre Sales: Adya Smart Metering - Hyderabad, Telangana - Andhra Pradesh - Key Responsibi  ",22/07/18 6:54,FALSE,0,0,1,Employment,Andhra Pradesh,India,FALSE,positive
241,"Walk In Interviews for English / Hindi - Voice Profile- Day Shift: Hyderabad, Telangana - Andhra Pradesh - Candidat  ",22/07/18 6:54,FALSE,0,0,0,Employment,Andhra Pradesh,India,FALSE,neutral
242,"ground staff Job call 9911419534: Freelancer Dinesh Joshi - Visakhapatnam, Andhra Pradesh - Job Profile Post Reserv  ",22/07/18 6:54,FALSE,0,0,0,Employment,Andhra Pradesh,India,FALSE,neutral
243,"Customer Relationship Officer: NJ India Invest - Hyderabad, Telangana - Andhra Pradesh - Primary Role AUDITING TRAD  ",22/07/18 6:54,FALSE,0,0,0,Employment,Andhra Pradesh,India,FALSE,neutral
244,"Apply For Data Entry Work In New Opening BPO: Hyderabad, Telangana - Andhra Pradesh - Domestic Bpo / International  ",22/07/18 6:54,FALSE,0,0,1,Employment,Andhra Pradesh,India,FALSE,positive
245,"Business Development Manager: IQAG - Hyderabad, Telangana - Andhra Pradesh - Job Description Send me Jobs like this  ",22/07/18 6:02,FALSE,0,0,1,Employment,Andhra Pradesh,India,FALSE,positive
246,"Voice process (International sales-Day shift): Leo Marcom Private Limited - Hyderabad, Telangana - Andhra Pradesh -  ",22/07/18 6:02,FALSE,0,0,-1,Employment,Andhra Pradesh,India,FALSE,negative
247,Andhra Pradesh All AIRPORT Job call9540703370  ,21/07/18 23:18,FALSE,0,0,0,Employment,Andhra Pradesh,India,FALSE,neutral
248,"@vinodboianpalli @trspartyonline @TelanganaCMO @narendramodi Vinod sirGreat speech in parliament, you raised 4 cr  ",21/07/18 17:43,FALSE,0,0,0,Employment,Andhra Pradesh,India,FALSE,neutral
249,@narendramodi Mr jadu Modi gi AP people teach u lesson soon. BJP &amp;Congress did in scientific division of Andhra Pra  ,21/07/18 17:34,FALSE,0,0,0,Employment,Andhra Pradesh,India,FALSE,neutral
250,@PMOIndia @narendramodi Like what you have done for past four years? I am from Andhra Pradesh and I lost trust/hope  ,21/07/18 17:31,FALSE,0,0,0,Employment,Andhra Pradesh,India,FALSE,neutral
251,@RamMNK @ncbn And thank you for the excellent job you did on behalf of people of Andhra. Your father would be extremely proud of you.,21/07/18 13:16,FALSE,0,4,3,Employment,Andhra Pradesh,India,FALSE,positive
252,[Job] Junior Engineer - Electrical | Company: Creative Engineering Associates | Location: Guntur AP Andhra Pradesh  ,21/07/18 12:22,FALSE,0,0,1,Employment,Andhra Pradesh,India,FALSE,positive
253,@ncbn @narendramodi You should be ashamed of you calling yourself Telugu when you were responsible for dividing the  ,21/07/18 12:01,FALSE,0,1,-1,Employment,Andhra Pradesh,India,FALSE,negative
254,"RT @freejobsnews: SHAR ISRO Recruitment - 435 PostsJob Location - Andhra PradeshName of Posts - Trade Apprentice-Fitter &amp; Other PostsLas",21/07/18 9:35,TRUE,4,0,0,Employment,Andhra Pradesh,India,FALSE,neutral
255,"RT @freejobsnews: AIATSL Recruitment - 89 PostsJob Location - Andhra PradeshName of Posts - Customer Agent &amp; Other PostsDate of Intervie",21/07/18 9:34,TRUE,3,0,0,Employment,Andhra Pradesh,India,TRUE,neutral
256,@ncbn wants PM @narendramodi to hand him billions so that he can pay that money to foreign architect firms and buil  ,21/07/18 9:16,FALSE,0,0,0,Employment,Andhra Pradesh,India,FALSE,neutral
257,"@TimesNow @Shehzad_Ind Masters in twisting facts . Jumla was bringing back black money,15 lakhs to everyone, 2 cror  ",21/07/18 9:05,FALSE,0,0,1,Employment,Andhra Pradesh,India,FALSE,positive
258,"RT @srichowdary4: Thanks for representing voice of Andhra Pradesh with a Roar in ParliamentGreat job guys @RamMNK @JayGalla  ",21/07/18 8:52,TRUE,1,0,0,Employment,Andhra Pradesh,India,FALSE,neutral
259,"@rohini_sgh Ye pappu kon hai ...Mujhe toh feku ke barey mey pata hai Kaha tha kala dhan launga ...  Laya nahiK  ",21/07/18 6:31,FALSE,0,0,0,Employment,Andhra Pradesh,India,FALSE,neutral
260,"Thanks for representing voice of Andhra Pradesh with a Roar in ParliamentGreat job guys @RamMNK @JayGalla  ",21/07/18 6:22,FALSE,1,1,0,Employment,Andhra Pradesh,India,FALSE,neutral
261,"Bulk Hiring For Cabin Crew): Freelancer Sujeet Kumar Singh - Visakhapatnam, Andhra Pradesh - Job Title Air Hostess,  ",21/07/18 5:24,FALSE,0,0,0,Employment,Andhra Pradesh,India,FALSE,neutral
262,"Vice President - Sales and Marketing: CallHealth Services Pvt Ltd - Hyderabad, Telangana - Andhra Pradesh - Job Bri  ",21/07/18 5:24,FALSE,0,0,-1,Employment,Andhra Pradesh,India,FALSE,negative
263,"fire and safety officer at airport: Freelancer Sujeet Kumar Singh - Visakhapatnam, Andhra Pradesh - Job Description  ",21/07/18 5:24,FALSE,0,0,0,Employment,Andhra Pradesh,India,FALSE,neutral
264,"Deputy Branch Manager,Banking Operations: Career Support - Visakhapatnam, Andhra Pradesh - Job Description:- A bank  ",21/07/18 5:24,FALSE,0,0,1,Employment,Andhra Pradesh,India,FALSE,positive
265,"BHEL recruitment 2018 apply for 44 Diploma Apprentice Posts.Job Location : Kerala, Madhya Pradesh, Chhattisgarh,  ",21/07/18 4:30,FALSE,0,0,0,Employment,Andhra Pradesh,India,FALSE,neutral
266,"BHEL recruitment 2018 apply for 44 Diploma Apprentice Posts.Job Location : Kerala, Madhya Pradesh, Chhattisgarh,  ",21/07/18 4:30,FALSE,0,0,0,Employment,Andhra Pradesh,India,TRUE,neutral
267,"BHEL recruitment 2018 apply for 44 Diploma Apprentice Posts.Job Location : Kerala, Madhya Pradesh, Chhattisgarh,  ",21/07/18 4:30,FALSE,0,0,0,Employment,Andhra Pradesh,India,TRUE,neutral
268,"BHEL recruitment 2018 apply for 44 Diploma Apprentice Posts.Job Location : Kerala, Madhya Pradesh, Chhattisgarh,  ",21/07/18 4:30,FALSE,0,0,0,Employment,Andhra Pradesh,India,TRUE,neutral
269,"@LastBench_ @akhileshsharma1 Before election TDP will not. After election, bargain ... If they align with Congress  ",21/07/18 4:05,FALSE,0,6,1,Employment,Andhra Pradesh,India,FALSE,positive
270,"Great Job Guys. &lt;3 @JayGalla@ncbn @naralokesh @JanaSenaParty@rmkThanks for representing voice of Andhra Pradesh  ",21/07/18 3:02,FALSE,0,0,1,Employment,Andhra Pradesh,India,FALSE,positive
271,"RT @journalism_only: What was new in Pmmodi speech? Was it election rally? For vote bank Caste card?Who assured Andhra Special status",20/07/18 22:02,TRUE,5,0,0,Employment,Andhra Pradesh,India,FALSE,neutral
272,"RT @journalism_only: What was new in Pmmodi speech? Was it election rally? For vote bank Caste card?Who assured Andhra Special status",20/07/18 22:01,TRUE,5,0,0,Employment,Andhra Pradesh,India,TRUE,neutral
273,"@RamMNK @GallaJaydev @kesineni_nani, watched the 3 of you fight for Andhra Pradesh by putting out facts in the parl  ",20/07/18 18:43,FALSE,0,1,0,Employment,Andhra Pradesh,India,FALSE,neutral
274,"@PawanDurani Sir ji ! Modi as PM, needed to cover many issues which many could find less entertaining. Andhra, TDP,  ",20/07/18 18:39,FALSE,0,4,0,Employment,Andhra Pradesh,India,FALSE,neutral
275,"RT @journalism_only: What was new in Pmmodi speech? Was it election rally? For vote bank Caste card?Who assured Andhra Special status",20/07/18 17:43,TRUE,5,0,0,Employment,Andhra Pradesh,India,TRUE,neutral
276,"RT @journalism_only: What was new in Pmmodi speech? Was it election rally? For vote bank Caste card?Who assured Andhra Special status",20/07/18 17:30,TRUE,5,0,0,Employment,Andhra Pradesh,India,TRUE,neutral
277,"RT @journalism_only: What was new in Pmmodi speech? Was it election rally? For vote bank Caste card?Who assured Andhra Special status",20/07/18 17:29,TRUE,5,0,0,Employment,Andhra Pradesh,India,TRUE,neutral
278,"What was new in Pmmodi speech? Was it election rally? For vote bank Caste card?Who assured Andhra Special stat  ",20/07/18 17:21,FALSE,5,3,0,Employment,Andhra Pradesh,India,FALSE,neutral
279,"@sagarikaghose @narendramodi I mean. He's been talking about job creation, infrastructure growth, economy and suppo  ",20/07/18 17:16,FALSE,0,0,0,Employment,Andhra Pradesh,India,FALSE,neutral
280,"Jobs For Cluster Manager  General Insurance |bancassurance Hyderabad, Telangana  Andhra Pradesh ! JOB S N TA HR S  ",20/07/18 16:09,FALSE,0,0,0,Employment,Andhra Pradesh,India,FALSE,neutral
281,@RamMNK Loved your intensity and intension towards Andhra! Full Packed speech from two Guy's you and @JayGalla ! AP  ,20/07/18 15:12,FALSE,0,0,1,Employment,Andhra Pradesh,India,FALSE,positive
282,@DtPiyu Are you getting a new job in Andhra? ,20/07/18 12:54,FALSE,0,0,0,Employment,Andhra Pradesh,India,FALSE,neutral
283,"RINL Vizag Steel Plant Recruitment - 95 PostsJob Location - Andhra PradeshName of Posts - Operators &amp; Technician  ",20/07/18 12:01,FALSE,1,0,0,Employment,Andhra Pradesh,India,FALSE,neutral
284,You both of you done a great job in parliament as the members of parliament you gave  excellent speech in parliment  ,20/07/18 11:29,FALSE,0,0,2,Employment,Andhra Pradesh,India,FALSE,positive
285,@NeShAnTh9 Great sir good job thank you for projecting Andhra Pradesh once again,20/07/18 7:22,FALSE,0,1,3,Employment,Andhra Pradesh,India,FALSE,positive
286,"There's no BJP in AP and Telangana; The way Andhra Pradesh people are crying for special status state will be hit  ",20/07/18 6:54,FALSE,0,1,0,Employment,Andhra Pradesh,India,FALSE,neutral
287,"My answer to Can I get a government job? I am a female that was born on the 6th day of March, 1994 at 9:23 PM in Vi  ",20/07/18 2:37,FALSE,0,1,0,Employment,Andhra Pradesh,India,FALSE,neutral
288,"RT @MiIlionaireMind: Motivational videos/tweets are like Red Bull. They energize you temporarily but not permanently.Only a real vision &amp;",19/07/18 18:13,TRUE,1253,0,2,Employment,Andhra Pradesh,India,FALSE,positive
289,"Hiring for Channel Sales Manager Bengaluru / Bangalore, Tirupati, Andhra Pradesh - Other, Cochin for Exp. 2 - 6 yea  ",19/07/18 16:31,FALSE,0,0,0,Employment,Andhra Pradesh,India,FALSE,neutral
290,"Hiring for Channel Sales Manager Bengaluru / Bangalore, Tirupati, Andhra Pradesh - Other, Cochin for Exp. 2 - 6 yea  ",19/07/18 16:30,FALSE,0,0,0,Employment,Andhra Pradesh,India,TRUE,neutral
291,"Hiring for Channel Sales Manager Bengaluru / Bangalore, Tirupati, Andhra Pradesh - Other, Cochin for Exp. 2 - 6 yea  ",19/07/18 16:30,FALSE,0,0,0,Employment,Andhra Pradesh,India,TRUE,neutral
292,"@ncbn Sir, na peru venkatesh. Nenu Indian navy lo job chesthunna. Kaani andhra lo mee governance choosi nenu mee ki  ",19/07/18 15:38,FALSE,0,0,0,Employment,Andhra Pradesh,India,FALSE,neutral
293,@ghoshcob Students are not at fault it is the decades of brainwashing by TN politicians . My niece shifted from CBS  ,19/07/18 10:56,FALSE,0,2,-1,Employment,Andhra Pradesh,India,FALSE,negative
294,"Informatica ETL Developer: The Dream Solutions - Hyderabad, Telangana - Andhra Pradesh - Senior Developer - Data In  ",19/07/18 7:54,FALSE,0,0,0,Employment,Andhra Pradesh,India,FALSE,neutral
295,"Agency Manager - Sales: StepUpFind - Hyderabad, Telangana - Andhra Pradesh - Primarily responsible for management a  ",19/07/18 7:54,FALSE,0,0,0,Employment,Andhra Pradesh,India,FALSE,neutral
296,"Required for britan.nia fmcg Company Supervisor: Freelancer Man Singh Yadav - Visakhapatnam, Andhra Pradesh - Requi  ",19/07/18 7:54,FALSE,0,0,0,Employment,Andhra Pradesh,India,FALSE,neutral
297,Social Media Marketing Internship in Visakhapatnam at Coventek Solutions Private Limited: Coventek Solutions Privat  ,19/07/18 7:54,FALSE,0,4,-1,Employment,Andhra Pradesh,India,FALSE,negative
298,"Corporate Sales Manager: Adroit Managers HR Consultant - Hyderabad, Telangana - Andhra Pradesh - Opening for a well  ",19/07/18 7:54,FALSE,0,0,2,Employment,Andhra Pradesh,India,FALSE,positive
299,"Maintenance Supervisor: AKSAA GROUP - Hyderabad, Telangana - Andhra Pradesh - Service/Maintenance .Respond to and c  ",19/07/18 7:54,FALSE,0,0,0,Employment,Andhra Pradesh,India,FALSE,neutral
300,"Hospital Administrator - Vijayawada: Ikya Human Capital Solutions Pvt Ltd - Vijayawada, Andhra Pradesh - We are loo  ",19/07/18 7:54,FALSE,0,0,0,Employment,Andhra Pradesh,India,FALSE,neutral
301,"Sales Head: Chhariot Solutions - Hyderabad, Telangana - Andhra Pradesh - Develop, manage and mentor front line Sale  ",19/07/18 7:54,FALSE,0,0,0,Employment,Andhra Pradesh,India,FALSE,neutral
302,"Customer Support: Agensi Pekerjaan Asia Recruit Sdn Bhd - Machilipatnam, Andhra Pradesh - Puchong Jaya, Selangor -  ",19/07/18 7:39,FALSE,0,0,1,Employment,Andhra Pradesh,India,FALSE,positive
303,NSTFDC funds help create job opportunities for tribal youth  ,19/07/18 3:18,FALSE,0,0,0,Employment,Andhra Pradesh,India,FALSE,neutral
304,NSTFDC funds help create job opportunities for tribal youth ..  ,19/07/18 2:42,FALSE,0,0,0,Employment,Andhra Pradesh,India,FALSE,neutral
305,[Job] Depot Officer Tada | Company: Reliance Industries | Location: Tada AP Andhra Pradesh India | Tada Petroleum  ,18/07/18 22:53,FALSE,0,0,0,Employment,Andhra Pradesh,India,FALSE,neutral
306,TTD contract workers demand job security..  ,18/07/18 20:24,FALSE,0,0,0,Employment,Andhra Pradesh,India,FALSE,neutral
307,TTD contract workers demand job security  ,18/07/18 19:16,FALSE,0,0,0,Employment,Andhra Pradesh,India,FALSE,neutral
308,"But no one from Telangana/Andhra. Great job. Now we know whom not to vote for. @KTRTRS @asadowaisi  ",18/07/18 17:46,FALSE,0,0,1,Employment,Andhra Pradesh,India,FALSE,positive
309,"RT @JitendraEmmani: @RamMNK @ncbn Great job Team TDP !  Looking forward to hear you and @jaygalla speak on injustice done to Andhra Prade",18/07/18 13:19,TRUE,2,0,0,Employment,Andhra Pradesh,India,FALSE,neutral
310,"@KTRTRS AskKTR Anna nadhi Telanga nenu laggam chesukundi Andhra Gordavari pillani, Job chesthundhi Maharasta Pune  ",18/07/18 10:40,FALSE,0,0,0,Employment,Andhra Pradesh,India,FALSE,neutral